,Unnamed: 0,mmsi,is_fishing,label,sublabel,length,tonnage,list_sources
0,0,257032500,Fishing,Reefer,Reefer,,,fishing-ranges
1,0,273356760,Fishing,Cargo/Tanker,Cargo,,,fishing-ranges
2,0,273431300,FishingCargo/Tanker,Cargo,,,,fishing-ranges
3,0,273432530,FishingCargo/Tanker,Cargo,,,,fishing-ranges
4,0,273449510,FishingCargo/Tanker,Cargo,,,,fishing-ranges
5,0,273511500,FishingCargo/Tanker,Cargo,,,,fishing-ranges
6,0,273561800,FishingCargo/Tanker,Cargo,,,,fishing-ranges
7,0,273810710,FishingCargo/Tanker,Cargo,,,,fishing-ranges
8,0,273812060,FishingCargo/Tanker,Cargo,,,,fishing-ranges
9,0,273812710,FishingCargo/Tanker,Cargo,,,,fishing-ranges
10,0,273815000,FishingCargo/Tanker,Cargo,,,,fishing-ranges
11,0,273817020,FishingCargo/Tanker,Cargo,,,,fishing-ranges
12,0,273820700,FishingCargo/Tanker,Cargo,,,,fishing-ranges
13,0,273825700,FishingCargo/Tanker,Cargo,,,,fishing-ranges
14,0,273828310,FishingCargo/Tanker,Cargo,,,,fishing-ranges
15,0,273847200,FishingCargo/Tanker,Cargo,,,,fishing-ranges
16,0,273851400,FishingCargo/Tanker,Cargo,,,,fishing-ranges
17,0,273856100,FishingCargo/Tanker,Cargo,,,,fishing-ranges
18,0,273897100,FishingCargo/Tanker,Cargo,,,,fishing-ranges
19,0,356567000,FishingCargo/Tanker,Cargo,,,,fishing-ranges
20,0,357788000,FishingCargo/Tanker,Cargo,,,,fishing-ranges
21,0,370599000,FishingCargo/Tanker,Cargo,,,,fishing-ranges
22,0,412217989,FishingCargo/Tanker,Cargo,,,,fishing-ranges
23,0,416001900,FishingCargo/Tanker,Cargo,,,,fishing-ranges
24,0,416308000,FishingCargo/Tanker,Cargo,,,,fishing-ranges
25,0,416602000,FishingCargo/Tanker,Cargo,,,,fishing-ranges
26,0,416702000,FishingCargo/Tanker,Cargo,,,,fishing-ranges
27,0,416730000,FishingCargo/Tanker,Cargo,,,,fishing-ranges
28,0,431263000,FishingCargo/Tanker,Cargo,,,,fishing-ranges
29,0,440046000,FishingCargo/Tanker,Cargo,,,,fishing-ranges
30,0,441032000,FishingCargo/Tanker,Cargo,,,,fishing-ranges
31,0,576276000,FishingCargo/Tanker,Cargo,,,,fishing-ranges
32,0,576277000,FishingCargo/Tanker,Cargo,,,,fishing-ranges
33,0,576397000,FishingCargo/Tanker,Cargo,,,,fishing-ranges
34,0,577077000,FishingCargo/Tanker,Cargo,,,,fishing-ranges
35,0,577105000,FishingCargo/Tanker,Cargo,,,,fishing-ranges
36,0,577132000,FishingCargo/Tanker,Cargo,,,,fishing-ranges
37,0,577169000,FishingCargo/Tanker,Cargo,,,,fishing-ranges
38,0,577314000,FishingCargo/Tanker,Cargo,,,,fishing-ranges
38,0,205324290,FishingCargo/Tanker,Cargo,,,,fishing-ranges
38,0,205389890,FishingCargo/Tanker,Cargo,,,,fishing-ranges
38,0,205455590,FishingCargo/Tanker,Cargo,,,,fishing-ranges
38,0,205521000,FishingCargo/Tanker,Cargo,,,,fishing-ranges
38,0,209191000,FishingCargo/Tanker,Cargo,,,,fishing-ranges
38,0,209322000,FishingCargo/Tanker,Cargo,,,,fishing-ranges
38,0,210043000,FishingCargo/Tanker,Cargo,,,,fishing-ranges
38,0,210764000,FishingCargo/Tanker,Cargo,,,,fishing-ranges
38,0,210895000,FishingCargo/Tanker,Cargo,,,,fishing-ranges
38,0,211157320,FishingCargo/Tanker,Cargo,,,,fishing-ranges
38,0,212337000,FishingCargo/Tanker,Cargo,,,,fishing-ranges
38,0,212468000,FishingCargo/Tanker,Cargo,,,,fishing-ranges
38,0,212857000,FishingCargo/Tanker,Cargo,,,,fishing-ranges
38,0,214182223,FishingCargo/Tanker,Cargo,,,,fishing-ranges
38,0,215679000,FishingCargo/Tanker,Cargo,,,,fishing-ranges
38,0,218366000,FishingCargo/Tanker,Cargo,,,,fishing-ranges
38,0,225313000,FishingCargo/Tanker,Cargo,,,,fishing-ranges
38,0,229245000,FishingCargo/Tanker,Cargo,,,,fishing-ranges
38,0,229376000,FishingCargo/Tanker,Cargo,,,,fishing-ranges
38,0,229587000,FishingCargo/Tanker,Cargo,,,,fishing-ranges
38,0,229644000,FishingCargo/Tanker,Cargo,,,,fishing-ranges
38,0,229738000,FishingCargo/Tanker,Cargo,,,,fishing-ranges
38,0,235012220,FishingCargo/Tanker,Cargo,,,,fishing-ranges
38,0,235012310,FishingCargo/Tanker,Cargo,,,,fishing-ranges
38,0,235077714,FishingCargo/Tanker,Cargo,,,,fishing-ranges
38,0,235077715,FishingCargo/Tanker,Cargo,,,,fishing-ranges
38,0,235077805,FishingCargo/Tanker,Cargo,,,,fishing-ranges
38,0,236323000,FishingCargo/Tanker,Cargo,,,,fishing-ranges
38,0,236585000,FishingCargo/Tanker,Cargo,,,,fishing-ranges
38,0,240583000,FishingCargo/Tanker,Cargo,,,,fishing-ranges
38,0,245317000,FishingCargo/Tanker,Cargo,,,,fishing-ranges
38,0,245973000,FishingCargo/Tanker,Cargo,,,,fishing-ranges
38,0,246481000,FishingCargo/Tanker,Cargo,,,,fishing-ranges
38,0,248185000,FishingCargo/Tanker,Cargo,,,,fishing-ranges
38,0,248775000,FishingCargo/Tanker,Cargo,,,,fishing-ranges
38,0,249037000,FishingCargo/Tanker,Cargo,,,,fishing-ranges
38,0,256246000,FishingCargo/Tanker,Cargo,,,,fishing-ranges
38,0,256967000,FishingCargo/Tanker,Cargo,,,,fishing-ranges
38,0,257294500,FishingCargo/Tanker,Cargo,,,,fishing-ranges
38,0,257491000,FishingCargo/Tanker,Cargo,,,,fishing-ranges
38,0,257819000,FishingCargo/Tanker,Cargo,,,,fishing-ranges
38,0,257884500,FishingCargo/Tanker,Cargo,,,,fishing-ranges
38,0,258818000,FishingCargo/Tanker,Cargo,,,,fishing-ranges
38,0,273148810,FishingCargo/Tanker,Cargo,,,,fishing-ranges
38,0,273191300,FishingCargo/Tanker,Cargo,,,,fishing-ranges
38,0,273195200,FishingCargo/Tanker,Cargo,,,,fishing-ranges
38,0,273210110,FishingCargo/Tanker,Cargo,,,,fishing-ranges
38,0,273211110,FishingCargo/Tanker,Cargo,,,,fishing-ranges
38,0,273219900,FishingCargo/Tanker,Cargo,,,,fishing-ranges
38,0,273251100,FishingCargo/Tanker,Cargo,,,,fishing-ranges
38,0,273252100,FishingCargo/Tanker,Cargo,,,,fishing-ranges
38,0,273253100,FishingCargo/Tanker,Cargo,,,,fishing-ranges
38,0,273257000,FishingCargo/Tanker,Cargo,,,,fishing-ranges
38,0,273310240,FishingCargo/Tanker,Cargo,,,,fishing-ranges
38,0,273310720,FishingCargo/Tanker,Cargo,,,,fishing-ranges
38,0,273311330,FishingCargo/Tanker,Cargo,,,,fishing-ranges
38,0,273311610,FishingCargo/Tanker,Cargo,,,,fishing-ranges
38,0,273311860,FishingCargo/Tanker,Cargo,,,,fishing-ranges
38,0,273312860,FishingCargo/Tanker,Cargo,,,,fishing-ranges
38,0,273312950,FishingCargo/Tanker,Cargo,,,,fishing-ranges
38,0,273313270,FishingCargo/Tanker,Cargo,,,,fishing-ranges
38,0,273313470,FishingCargo/Tanker,Cargo,,,,fishing-ranges
38,0,273313950,FishingCargo/Tanker,Cargo,,,,fishing-ranges
38,0,273316080,FishingCargo/Tanker,Cargo,,,,fishing-ranges
38,0,273316230,FishingCargo/Tanker,Cargo,,,,fishing-ranges
38,0,273317370,FishingCargo/Tanker,Cargo,,,,fishing-ranges
38,0,273317810,FishingCargo/Tanker,Cargo,,,,fishing-ranges
38,0,273319440,FishingCargo/Tanker,Cargo,,,,fishing-ranges
38,0,273324210,FishingCargo/Tanker,Cargo,,,,fishing-ranges
38,0,273330280,FishingCargo/Tanker,Cargo,,,,fishing-ranges
38,0,273331810,FishingCargo/Tanker,Cargo,,,,fishing-ranges
38,0,273332290,FishingCargo/Tanker,Cargo,,,,fishing-ranges
38,0,273335960,FishingCargo/Tanker,Cargo,,,,fishing-ranges
38,0,273337510,FishingCargo/Tanker,Cargo,,,,fishing-ranges
38,0,273338510,FishingCargo/Tanker,Cargo,,,,fishing-ranges
38,0,273339230,FishingCargo/Tanker,Cargo,,,,fishing-ranges
38,0,273342230,FishingCargo/Tanker,Cargo,,,,fishing-ranges
38,0,273344710,FishingCargo/Tanker,Cargo,,,,fishing-ranges
38,0,273348520,FishingCargo/Tanker,Cargo,,,,fishing-ranges
38,0,273348810,FishingCargo/Tanker,Cargo,,,,fishing-ranges
38,0,273349530,FishingCargo/Tanker,Cargo,,,,fishing-ranges
38,0,273349630,FishingCargo/Tanker,Cargo,,,,fishing-ranges
38,0,273350580,FishingCargo/Tanker,Cargo,,,,fishing-ranges
38,0,273350680,FishingCargo/Tanker,Cargo,,,,fishing-ranges
38,0,273350720,FishingCargo/Tanker,Cargo,,,,fishing-ranges
38,0,273350760,FishingCargo/Tanker,Cargo,,,,fishing-ranges
38,0,273351000,FishingCargo/Tanker,Cargo,,,,fishing-ranges
38,0,273351170,FishingCargo/Tanker,Cargo,,,,fishing-ranges
38,0,273351900,FishingCargo/Tanker,Cargo,,,,fishing-ranges
38,0,273352570,FishingCargo/Tanker,Cargo,,,,fishing-ranges
38,0,273352700,FishingCargo/Tanker,Cargo,,,,fishing-ranges
38,0,273352840,FishingCargo/Tanker,Cargo,,,,fishing-ranges
38,0,273353310,FishingCargo/Tanker,Cargo,,,,fishing-ranges
38,0,273353640,FishingCargo/Tanker,Cargo,,,,fishing-ranges
38,0,273353800,FishingCargo/Tanker,Cargo,,,,fishing-ranges
38,0,273354620,FishingCargo/Tanker,Cargo,,,,fishing-ranges
38,0,273354740,FishingCargo/Tanker,Cargo,,,,fishing-ranges
38,0,273354770,FishingCargo/Tanker,Cargo,,,,fishing-ranges
38,0,273355540,FishingCargo/Tanker,Cargo,,,,fishing-ranges
38,0,273356010,FishingCargo/Tanker,Cargo,,,,fishing-ranges
38,0,273356290,FishingCargo/Tanker,Cargo,,,,fishing-ranges
38,0,273356610,FishingCargo/Tanker,Cargo,,,,fishing-ranges
38,0,273357670,FishingCargo/Tanker,Cargo,,,,fishing-ranges
38,0,273358410,FishingCargo/Tanker,Cargo,,,,fishing-ranges
38,0,273358510,FishingCargo/Tanker,Cargo,,,,fishing-ranges
38,0,273358660,FishingCargo/Tanker,Cargo,,,,fishing-ranges
38,0,273358980,FishingCargo/Tanker,Cargo,,,,fishing-ranges
38,0,273359920,FishingCargo/Tanker,Cargo,,,,fishing-ranges
38,0,273374170,FishingCargo/Tanker,Cargo,,,,fishing-ranges
38,0,273378130,FishingCargo/Tanker,Cargo,,,,fishing-ranges
38,0,273384930,FishingCargo/Tanker,Cargo,,,,fishing-ranges
38,0,273385120,FishingCargo/Tanker,Cargo,,,,fishing-ranges
38,0,273410910,FishingCargo/Tanker,Cargo,,,,fishing-ranges
38,0,273417300,FishingCargo/Tanker,Cargo,,,,fishing-ranges
38,0,273420160,FishingCargo/Tanker,Cargo,,,,fishing-ranges
38,0,273420240,FishingCargo/Tanker,Cargo,,,,fishing-ranges
38,0,273421240,FishingCargo/Tanker,Cargo,,,,fishing-ranges
38,0,273421470,FishingCargo/Tanker,Cargo,,,,fishing-ranges
38,0,273422240,FishingCargo/Tanker,Cargo,,,,fishing-ranges
38,0,273425770,FishingCargo/Tanker,Cargo,,,,fishing-ranges
38,0,273428710,FishingCargo/Tanker,Cargo,,,,fishing-ranges
38,0,273429140,FishingCargo/Tanker,Cargo,,,,fishing-ranges
38,0,273430160,FishingCargo/Tanker,Cargo,,,,fishing-ranges
38,0,273433460,FishingCargo/Tanker,Cargo,,,,fishing-ranges
38,0,273434600,FishingCargo/Tanker,Cargo,,,,fishing-ranges
38,0,273435310,FishingCargo/Tanker,Cargo,,,,fishing-ranges
38,0,273436790,FishingCargo/Tanker,Cargo,,,,fishing-ranges
38,0,273440860,FishingCargo/Tanker,Cargo,,,,fishing-ranges
38,0,273441270,FishingCargo/Tanker,Cargo,,,,fishing-ranges
38,0,273441670,FishingCargo/Tanker,Cargo,,,,fishing-ranges
38,0,273442580,FishingCargo/Tanker,Cargo,,,,fishing-ranges
38,0,273442740,FishingCargo/Tanker,Cargo,,,,fishing-ranges
38,0,273449080,FishingCargo/Tanker,Cargo,,,,fishing-ranges
38,0,273449760,FishingCargo/Tanker,Cargo,,,,fishing-ranges
38,0,273457850,FishingCargo/Tanker,Cargo,,,,fishing-ranges
38,0,273459400,FishingCargo/Tanker,Cargo,,,,fishing-ranges
38,0,273512400,FishingCargo/Tanker,Cargo,,,,fishing-ranges
38,0,273811020,FishingCargo/Tanker,Cargo,,,,fishing-ranges
38,0,273811510,FishingCargo/Tanker,Cargo,,,,fishing-ranges
38,0,273814050,FishingCargo/Tanker,Cargo,,,,fishing-ranges
38,0,273815020,FishingCargo/Tanker,Cargo,,,,fishing-ranges
38,0,273815050,FishingCargo/Tanker,Cargo,,,,fishing-ranges
38,0,273816010,FishingCargo/Tanker,Cargo,,,,fishing-ranges
38,0,273816020,FishingCargo/Tanker,Cargo,,,,fishing-ranges
38,0,273817200,FishingCargo/Tanker,Cargo,,,,fishing-ranges
38,0,273820900,FishingCargo/Tanker,Cargo,,,,fishing-ranges
38,0,273824020,FishingCargo/Tanker,Cargo,,,,fishing-ranges
38,0,273825810,FishingCargo/Tanker,Cargo,,,,fishing-ranges
38,0,273827710,FishingCargo/Tanker,Cargo,,,,fishing-ranges
38,0,273829410,FishingCargo/Tanker,Cargo,,,,fishing-ranges
38,0,273833000,FishingCargo/Tanker,Cargo,,,,fishing-ranges
38,0,273842700,FishingCargo/Tanker,Cargo,,,,fishing-ranges
38,0,273844500,FishingCargo/Tanker,Cargo,,,,fishing-ranges
38,0,273844700,FishingCargo/Tanker,Cargo,,,,fishing-ranges
38,0,273875400,FishingCargo/Tanker,Cargo,,,,fishing-ranges
38,0,273892210,FishingCargo/Tanker,Cargo,,,,fishing-ranges
38,0,273895510,FishingCargo/Tanker,Cargo,,,,fishing-ranges
38,0,277312000,FishingCargo/Tanker,Cargo,,,,fishing-ranges
38,0,277327000,FishingCargo/Tanker,Cargo,,,,fishing-ranges
38,0,277380000,FishingCargo/Tanker,Cargo,,,,fishing-ranges
38,0,303956000,FishingCargo/Tanker,Cargo,,,,fishing-ranges
38,0,304677000,FishingCargo/Tanker,Cargo,,,,fishing-ranges
38,0,304808000,FishingCargo/Tanker,Cargo,,,,fishing-ranges
38,0,305398000,FishingCargo/Tanker,Cargo,,,,fishing-ranges
38,0,305529000,FishingCargo/Tanker,Cargo,,,,fishing-ranges
38,0,306497000,FishingCargo/Tanker,Cargo,,,,fishing-ranges
38,0,306752000,FishingCargo/Tanker,Cargo,,,,fishing-ranges
38,0,306796000,FishingCargo/Tanker,Cargo,,,,fishing-ranges
38,0,306862000,FishingCargo/Tanker,Cargo,,,,fishing-ranges
38,0,308228000,FishingCargo/Tanker,Cargo,,,,fishing-ranges
38,0,308564000,FishingCargo/Tanker,Cargo,,,,fishing-ranges
38,0,308668000,FishingCargo/Tanker,Cargo,,,,fishing-ranges
38,0,308765000,FishingCargo/Tanker,Cargo,,,,fishing-ranges
38,0,309361000,FishingCargo/Tanker,Cargo,,,,fishing-ranges
38,0,311004000,FishingCargo/Tanker,Cargo,,,,fishing-ranges
38,0,311009400,FishingCargo/Tanker,Cargo,,,,fishing-ranges
38,0,311009600,FishingCargo/Tanker,Cargo,,,,fishing-ranges
38,0,311009700,FishingCargo/Tanker,Cargo,,,,fishing-ranges
38,0,311011400,FishingCargo/Tanker,Cargo,,,,fishing-ranges
38,0,311029000,FishingCargo/Tanker,Cargo,,,,fishing-ranges
38,0,311033882,FishingCargo/Tanker,Cargo,,,,fishing-ranges
38,0,311034100,FishingCargo/Tanker,Cargo,,,,fishing-ranges
38,0,311042300,FishingCargo/Tanker,Cargo,,,,fishing-ranges
38,0,311042400,FishingCargo/Tanker,Cargo,,,,fishing-ranges
38,0,311043800,FishingCargo/Tanker,Cargo,,,,fishing-ranges
38,0,311054900,FishingCargo/Tanker,Cargo,,,,fishing-ranges
38,0,311121000,FishingCargo/Tanker,Cargo,,,,fishing-ranges
38,0,311165000,FishingCargo/Tanker,Cargo,,,,fishing-ranges
38,0,312174000,FishingCargo/Tanker,Cargo,,,,fishing-ranges
38,0,312273000,FishingCargo/Tanker,Cargo,,,,fishing-ranges
38,0,312621000,FishingCargo/Tanker,Cargo,,,,fishing-ranges
38,0,312738000,FishingCargo/Tanker,Cargo,,,,fishing-ranges
38,0,312862000,FishingCargo/Tanker,Cargo,,,,fishing-ranges
38,0,312887000,FishingCargo/Tanker,Cargo,,,,fishing-ranges
38,0,314311000,FishingCargo/Tanker,Cargo,,,,fishing-ranges
38,0,325583000,FishingCargo/Tanker,Cargo,,,,fishing-ranges
38,0,341009000,FishingCargo/Tanker,Cargo,,,,fishing-ranges
38,0,341049000,FishingCargo/Tanker,Cargo,,,,fishing-ranges
38,0,341095000,FishingCargo/Tanker,Cargo,,,,fishing-ranges
38,0,341099000,FishingCargo/Tanker,Cargo,,,,fishing-ranges
38,0,341307000,FishingCargo/Tanker,Cargo,,,,fishing-ranges
38,0,341443000,FishingCargo/Tanker,Cargo,,,,fishing-ranges
38,0,341464000,FishingCargo/Tanker,Cargo,,,,fishing-ranges
38,0,341537000,FishingCargo/Tanker,Cargo,,,,fishing-ranges
38,0,341574000,FishingCargo/Tanker,Cargo,,,,fishing-ranges
38,0,341759000,FishingCargo/Tanker,Cargo,,,,fishing-ranges
38,0,341844000,FishingCargo/Tanker,Cargo,,,,fishing-ranges
38,0,341891000,FishingCargo/Tanker,Cargo,,,,fishing-ranges
38,0,351338497,FishingCargo/Tanker,Cargo,,,,fishing-ranges
38,0,351404034,FishingCargo/Tanker,Cargo,,,,fishing-ranges
38,0,351469574,FishingCargo/Tanker,Cargo,,,,fishing-ranges
38,0,351478000,FishingCargo/Tanker,Cargo,,,,fishing-ranges
38,0,351527000,FishingCargo/Tanker,Cargo,,,,fishing-ranges
38,0,351732000,FishingCargo/Tanker,Cargo,,,,fishing-ranges
38,0,351747000,FishingCargo/Tanker,Cargo,,,,fishing-ranges
38,0,351763000,FishingCargo/Tanker,Cargo,,,,fishing-ranges
38,0,351776000,FishingCargo/Tanker,Cargo,,,,fishing-ranges
38,0,351863000,FishingCargo/Tanker,Cargo,,,,fishing-ranges
38,0,352085000,FishingCargo/Tanker,Cargo,,,,fishing-ranges
38,0,352241000,FishingCargo/Tanker,Cargo,,,,fishing-ranges
38,0,352247000,FishingCargo/Tanker,Cargo,,,,fishing-ranges
38,0,352349000,FishingCargo/Tanker,Cargo,,,,fishing-ranges
38,0,352351000,FishingCargo/Tanker,Cargo,,,,fishing-ranges
38,0,352515000,FishingCargo/Tanker,Cargo,,,,fishing-ranges
38,0,352533000,FishingCargo/Tanker,Cargo,,,,fishing-ranges
38,0,352784000,FishingCargo/Tanker,Cargo,,,,fishing-ranges
38,0,352846000,FishingCargo/Tanker,Cargo,,,,fishing-ranges
38,0,352894000,FishingCargo/Tanker,Cargo,,,,fishing-ranges
38,0,353019000,FishingCargo/Tanker,Cargo,,,,fishing-ranges
38,0,353185000,FishingCargo/Tanker,Cargo,,,,fishing-ranges
38,0,353242000,FishingCargo/Tanker,Cargo,,,,fishing-ranges
38,0,353306000,FishingCargo/Tanker,Cargo,,,,fishing-ranges
38,0,353698000,FishingCargo/Tanker,Cargo,,,,fishing-ranges
38,0,353981000,FishingCargo/Tanker,Cargo,,,,fishing-ranges
38,0,354062000,FishingCargo/Tanker,Cargo,,,,fishing-ranges
38,0,354240000,FishingCargo/Tanker,Cargo,,,,fishing-ranges
38,0,354461000,FishingCargo/Tanker,Cargo,,,,fishing-ranges
38,0,354469000,FishingCargo/Tanker,Cargo,,,,fishing-ranges
38,0,354550000,FishingCargo/Tanker,Cargo,,,,fishing-ranges
38,0,354569000,FishingCargo/Tanker,Cargo,,,,fishing-ranges
38,0,354681000,FishingCargo/Tanker,Cargo,,,,fishing-ranges
38,0,354716000,FishingCargo/Tanker,Cargo,,,,fishing-ranges
38,0,354871000,FishingCargo/Tanker,Cargo,,,,fishing-ranges
38,0,355141000,FishingCargo/Tanker,Cargo,,,,fishing-ranges
38,0,355317000,FishingCargo/Tanker,Cargo,,,,fishing-ranges
38,0,355402000,FishingCargo/Tanker,Cargo,,,,fishing-ranges
38,0,355513000,FishingCargo/Tanker,Cargo,,,,fishing-ranges
38,0,355664000,FishingCargo/Tanker,Cargo,,,,fishing-ranges
38,0,355694000,FishingCargo/Tanker,Cargo,,,,fishing-ranges
38,0,355720000,FishingCargo/Tanker,Cargo,,,,fishing-ranges
38,0,355802000,FishingCargo/Tanker,Cargo,,,,fishing-ranges
38,0,355860483,FishingCargo/Tanker,Cargo,,,,fishing-ranges
38,0,356065000,FishingCargo/Tanker,Cargo,,,,fishing-ranges
38,0,356134000,FishingCargo/Tanker,Cargo,,,,fishing-ranges
38,0,356386000,FishingCargo/Tanker,Cargo,,,,fishing-ranges
38,0,356514000,FishingCargo/Tanker,Cargo,,,,fishing-ranges
38,0,356517000,FishingCargo/Tanker,Cargo,,,,fishing-ranges
38,0,356609000,FishingCargo/Tanker,Cargo,,,,fishing-ranges
38,0,356728000,FishingCargo/Tanker,Cargo,,,,fishing-ranges
38,0,356778000,FishingCargo/Tanker,Cargo,,,,fishing-ranges
38,0,356878000,FishingCargo/Tanker,Cargo,,,,fishing-ranges
38,0,356962000,FishingCargo/Tanker,Cargo,,,,fishing-ranges
38,0,357368000,FishingCargo/Tanker,Cargo,,,,fishing-ranges
38,0,357497000,FishingCargo/Tanker,Cargo,,,,fishing-ranges
38,0,357499000,FishingCargo/Tanker,Cargo,,,,fishing-ranges
38,0,357600000,FishingCargo/Tanker,Cargo,,,,fishing-ranges
38,0,357642000,FishingCargo/Tanker,Cargo,,,,fishing-ranges
38,0,357670000,FishingCargo/Tanker,Cargo,,,,fishing-ranges
38,0,357735000,FishingCargo/Tanker,Cargo,,,,fishing-ranges
38,0,357805000,FishingCargo/Tanker,Cargo,,,,fishing-ranges
38,0,367067370,FishingCargo/Tanker,Cargo,,,,fishing-ranges
38,0,367657110,FishingCargo/Tanker,Cargo,,,,fishing-ranges
38,0,370115000,FishingCargo/Tanker,Cargo,,,,fishing-ranges
38,0,370803000,FishingCargo/Tanker,Cargo,,,,fishing-ranges
38,0,370866000,FishingCargo/Tanker,Cargo,,,,fishing-ranges
38,0,370981000,FishingCargo/Tanker,Cargo,,,,fishing-ranges
38,0,371065000,FishingCargo/Tanker,Cargo,,,,fishing-ranges
38,0,371156000,FishingCargo/Tanker,Cargo,,,,fishing-ranges
38,0,371335000,FishingCargo/Tanker,Cargo,,,,fishing-ranges
38,0,371655000,FishingCargo/Tanker,Cargo,,,,fishing-ranges
38,0,371717000,FishingCargo/Tanker,Cargo,,,,fishing-ranges
38,0,371812000,FishingCargo/Tanker,Cargo,,,,fishing-ranges
38,0,372179000,FishingCargo/Tanker,Cargo,,,,fishing-ranges
38,0,372199000,FishingCargo/Tanker,Cargo,,,,fishing-ranges
38,0,372538000,FishingCargo/Tanker,Cargo,,,,fishing-ranges
38,0,372637698,FishingCargo/Tanker,Cargo,,,,fishing-ranges
38,0,372638000,FishingCargo/Tanker,Cargo,,,,fishing-ranges
38,0,372886000,FishingCargo/Tanker,Cargo,,,,fishing-ranges
38,0,372910000,FishingCargo/Tanker,Cargo,,,,fishing-ranges
38,0,373039000,FishingCargo/Tanker,Cargo,,,,fishing-ranges
38,0,373443000,FishingCargo/Tanker,Cargo,,,,fishing-ranges
38,0,373490000,FishingCargo/Tanker,Cargo,,,,fishing-ranges
38,0,373731000,FishingCargo/Tanker,Cargo,,,,fishing-ranges
38,0,373752000,FishingCargo/Tanker,Cargo,,,,fishing-ranges
38,0,373962000,FishingCargo/Tanker,Cargo,,,,fishing-ranges
38,0,374048000,FishingCargo/Tanker,Cargo,,,,fishing-ranges
38,0,374198000,FishingCargo/Tanker,Cargo,,,,fishing-ranges
38,0,374445000,FishingCargo/Tanker,Cargo,,,,fishing-ranges
38,0,374446000,FishingCargo/Tanker,Cargo,,,,fishing-ranges
38,0,374478000,FishingCargo/Tanker,Cargo,,,,fishing-ranges
38,0,374610000,FishingCargo/Tanker,Cargo,,,,fishing-ranges
38,0,374997000,FishingCargo/Tanker,Cargo,,,,fishing-ranges
38,0,376098000,FishingCargo/Tanker,Cargo,,,,fishing-ranges
38,0,411304084,FishingCargo/Tanker,Cargo,,,,fishing-ranges
38,0,412090623,FishingCargo/Tanker,Cargo,,,,fishing-ranges
38,0,412156000,FishingCargo/Tanker,Cargo,,,,fishing-ranges
38,0,412203740,FishingCargo/Tanker,Cargo,,,,fishing-ranges
38,0,412352670,FishingCargo/Tanker,Cargo,,,,fishing-ranges
38,0,412352690,FishingCargo/Tanker,Cargo,,,,fishing-ranges
38,0,412352850,FishingCargo/Tanker,Cargo,,,,fishing-ranges
38,0,412352880,FishingCargo/Tanker,Cargo,,,,fishing-ranges
38,0,412418090,FishingCargo/Tanker,Cargo,,,,fishing-ranges
38,0,412418140,FishingCargo/Tanker,Cargo,,,,fishing-ranges
38,0,412418180,FishingCargo/Tanker,Cargo,,,,fishing-ranges
38,0,412418220,FishingCargo/Tanker,Cargo,,,,fishing-ranges
38,0,412418320,FishingCargo/Tanker,Cargo,,,,fishing-ranges
38,0,412418330,FishingCargo/Tanker,Cargo,,,,fishing-ranges
38,0,412418390,FishingCargo/Tanker,Cargo,,,,fishing-ranges
38,0,412660240,FishingCargo/Tanker,Cargo,,,,fishing-ranges
38,0,412699340,FishingCargo/Tanker,Cargo,,,,fishing-ranges
38,0,412746000,FishingCargo/Tanker,Cargo,,,,fishing-ranges
38,0,413204513,FishingCargo/Tanker,Cargo,,,,fishing-ranges
38,0,413270050,FishingCargo/Tanker,Cargo,,,,fishing-ranges
38,0,413270060,FishingCargo/Tanker,Cargo,,,,fishing-ranges
38,0,413270110,FishingCargo/Tanker,Cargo,,,,fishing-ranges
38,0,413270120,FishingCargo/Tanker,Cargo,,,,fishing-ranges
38,0,413270150,FishingCargo/Tanker,Cargo,,,,fishing-ranges
38,0,413270160,FishingCargo/Tanker,Cargo,,,,fishing-ranges
38,0,413270260,FishingCargo/Tanker,Cargo,,,,fishing-ranges
38,0,413270280,FishingCargo/Tanker,Cargo,,,,fishing-ranges
38,0,413270290,FishingCargo/Tanker,Cargo,,,,fishing-ranges
38,0,413270320,FishingCargo/Tanker,Cargo,,,,fishing-ranges
38,0,413270330,FishingCargo/Tanker,Cargo,,,,fishing-ranges
38,0,413270340,FishingCargo/Tanker,Cargo,,,,fishing-ranges
38,0,413270350,FishingCargo/Tanker,Cargo,,,,fishing-ranges
38,0,413270380,FishingCargo/Tanker,Cargo,,,,fishing-ranges
38,0,413401140,FishingCargo/Tanker,Cargo,,,,fishing-ranges
38,0,413401160,FishingCargo/Tanker,Cargo,,,,fishing-ranges
38,0,413401270,FishingCargo/Tanker,Cargo,,,,fishing-ranges
38,0,413401340,FishingCargo/Tanker,Cargo,,,,fishing-ranges
38,0,413401350,FishingCargo/Tanker,Cargo,,,,fishing-ranges
38,0,413401440,FishingCargo/Tanker,Cargo,,,,fishing-ranges
38,0,413401450,FishingCargo/Tanker,Cargo,,,,fishing-ranges
38,0,413466630,FishingCargo/Tanker,Cargo,,,,fishing-ranges
38,0,413466640,FishingCargo/Tanker,Cargo,,,,fishing-ranges
38,0,413466830,FishingCargo/Tanker,Cargo,,,,fishing-ranges
38,0,413466850,FishingCargo/Tanker,Cargo,,,,fishing-ranges
38,0,413466860,FishingCargo/Tanker,Cargo,,,,fishing-ranges
38,0,413466880,FishingCargo/Tanker,Cargo,,,,fishing-ranges
38,0,413466890,FishingCargo/Tanker,Cargo,,,,fishing-ranges
38,0,413466910,FishingCargo/Tanker,Cargo,,,,fishing-ranges
38,0,413466920,FishingCargo/Tanker,Cargo,,,,fishing-ranges
38,0,413466930,FishingCargo/Tanker,Cargo,,,,fishing-ranges
38,0,413466960,FishingCargo/Tanker,Cargo,,,,fishing-ranges
38,0,413466970,FishingCargo/Tanker,Cargo,,,,fishing-ranges
38,0,413729000,FishingCargo/Tanker,Cargo,,,,fishing-ranges
38,0,413794329,FishingCargo/Tanker,Cargo,,,,fishing-ranges
38,0,413794331,FishingCargo/Tanker,Cargo,,,,fishing-ranges
38,0,413794333,FishingCargo/Tanker,Cargo,,,,fishing-ranges
38,0,413794334,FishingCargo/Tanker,Cargo,,,,fishing-ranges
38,0,413794335,FishingCargo/Tanker,Cargo,,,,fishing-ranges
38,0,413794337,FishingCargo/Tanker,Cargo,,,,fishing-ranges
38,0,413794344,FishingCargo/Tanker,Cargo,,,,fishing-ranges
38,0,413794362,FishingCargo/Tanker,Cargo,,,,fishing-ranges
38,0,413794364,FishingCargo/Tanker,Cargo,,,,fishing-ranges
38,0,413794365,FishingCargo/Tanker,Cargo,,,,fishing-ranges
38,0,413794371,FishingCargo/Tanker,Cargo,,,,fishing-ranges
38,0,413794372,FishingCargo/Tanker,Cargo,,,,fishing-ranges
38,0,413794398,FishingCargo/Tanker,Cargo,,,,fishing-ranges
38,0,413794405,FishingCargo/Tanker,Cargo,,,,fishing-ranges
38,0,413794417,FishingCargo/Tanker,Cargo,,,,fishing-ranges
38,0,413794435,FishingCargo/Tanker,Cargo,,,,fishing-ranges
38,0,413794436,FishingCargo/Tanker,Cargo,,,,fishing-ranges
38,0,413794439,FishingCargo/Tanker,Cargo,,,,fishing-ranges
38,0,413794462,FishingCargo/Tanker,Cargo,,,,fishing-ranges
38,0,413794483,FishingCargo/Tanker,Cargo,,,,fishing-ranges
38,0,413794484,FishingCargo/Tanker,Cargo,,,,fishing-ranges
38,0,413794498,FishingCargo/Tanker,Cargo,,,,fishing-ranges
38,0,413794502,FishingCargo/Tanker,Cargo,,,,fishing-ranges
38,0,413794503,FishingCargo/Tanker,Cargo,,,,fishing-ranges
38,0,413794504,FishingCargo/Tanker,Cargo,,,,fishing-ranges
38,0,413794515,FishingCargo/Tanker,Cargo,,,,fishing-ranges
38,0,413794516,FishingCargo/Tanker,Cargo,,,,fishing-ranges
38,0,413794529,FishingCargo/Tanker,Cargo,,,,fishing-ranges
38,0,413794532,FishingCargo/Tanker,Cargo,,,,fishing-ranges
38,0,413794536,FishingCargo/Tanker,Cargo,,,,fishing-ranges
38,0,413794557,FishingCargo/Tanker,Cargo,,,,fishing-ranges
38,0,413794576,FishingCargo/Tanker,Cargo,,,,fishing-ranges
38,0,413794582,FishingCargo/Tanker,Cargo,,,,fishing-ranges
38,0,413794603,FishingCargo/Tanker,Cargo,,,,fishing-ranges
38,0,413794606,FishingCargo/Tanker,Cargo,,,,fishing-ranges
38,0,413794607,FishingCargo/Tanker,Cargo,,,,fishing-ranges
38,0,413794608,FishingCargo/Tanker,Cargo,,,,fishing-ranges
38,0,413794614,FishingCargo/Tanker,Cargo,,,,fishing-ranges
38,0,413794617,FishingCargo/Tanker,Cargo,,,,fishing-ranges
38,0,413794624,FishingCargo/Tanker,Cargo,,,,fishing-ranges
38,0,413794633,FishingCargo/Tanker,Cargo,,,,fishing-ranges
38,0,413794636,FishingCargo/Tanker,Cargo,,,,fishing-ranges
38,0,413794637,FishingCargo/Tanker,Cargo,,,,fishing-ranges
38,0,413794649,FishingCargo/Tanker,Cargo,,,,fishing-ranges
38,0,413794652,FishingCargo/Tanker,Cargo,,,,fishing-ranges
38,0,413794654,FishingCargo/Tanker,Cargo,,,,fishing-ranges
38,0,413794659,FishingCargo/Tanker,Cargo,,,,fishing-ranges
38,0,413794669,FishingCargo/Tanker,Cargo,,,,fishing-ranges
38,0,413860000,FishingCargo/Tanker,Cargo,,,,fishing-ranges
38,0,413860058,FishingCargo/Tanker,Cargo,,,,fishing-ranges
38,0,413990929,FishingCargo/Tanker,Cargo,,,,fishing-ranges
38,0,413990931,FishingCargo/Tanker,Cargo,,,,fishing-ranges
38,0,413990932,FishingCargo/Tanker,Cargo,,,,fishing-ranges
38,0,413990933,FishingCargo/Tanker,Cargo,,,,fishing-ranges
38,0,413990934,FishingCargo/Tanker,Cargo,,,,fishing-ranges
38,0,413990935,FishingCargo/Tanker,Cargo,,,,fishing-ranges
38,0,413990936,FishingCargo/Tanker,Cargo,,,,fishing-ranges
38,0,413990941,FishingCargo/Tanker,Cargo,,,,fishing-ranges
38,0,413990942,FishingCargo/Tanker,Cargo,,,,fishing-ranges
38,0,413990965,FishingCargo/Tanker,Cargo,,,,fishing-ranges
38,0,413990967,FishingCargo/Tanker,Cargo,,,,fishing-ranges
38,0,413990972,FishingCargo/Tanker,Cargo,,,,fishing-ranges
38,0,413990986,FishingCargo/Tanker,Cargo,,,,fishing-ranges
38,0,413990995,FishingCargo/Tanker,Cargo,,,,fishing-ranges
38,0,413990999,FishingCargo/Tanker,Cargo,,,,fishing-ranges
38,0,413991014,FishingCargo/Tanker,Cargo,,,,fishing-ranges
38,0,413991015,FishingCargo/Tanker,Cargo,,,,fishing-ranges
38,0,413991045,FishingCargo/Tanker,Cargo,,,,fishing-ranges
38,0,413991098,FishingCargo/Tanker,Cargo,,,,fishing-ranges
38,0,413991103,FishingCargo/Tanker,Cargo,,,,fishing-ranges
38,0,413991106,FishingCargo/Tanker,Cargo,,,,fishing-ranges
38,0,413991116,FishingCargo/Tanker,Cargo,,,,fishing-ranges
38,0,413991118,FishingCargo/Tanker,Cargo,,,,fishing-ranges
38,0,413991119,FishingCargo/Tanker,Cargo,,,,fishing-ranges
38,0,413991132,FishingCargo/Tanker,Cargo,,,,fishing-ranges
38,0,413991135,FishingCargo/Tanker,Cargo,,,,fishing-ranges
38,0,413991138,FishingCargo/Tanker,Cargo,,,,fishing-ranges
38,0,413991158,FishingCargo/Tanker,Cargo,,,,fishing-ranges
38,0,413991169,FishingCargo/Tanker,Cargo,,,,fishing-ranges
38,0,413991171,FishingCargo/Tanker,Cargo,,,,fishing-ranges
38,0,413991172,FishingCargo/Tanker,Cargo,,,,fishing-ranges
38,0,413991185,FishingCargo/Tanker,Cargo,,,,fishing-ranges
38,0,413991191,FishingCargo/Tanker,Cargo,,,,fishing-ranges
38,0,413991194,FishingCargo/Tanker,Cargo,,,,fishing-ranges
38,0,413991197,FishingCargo/Tanker,Cargo,,,,fishing-ranges
38,0,413991198,FishingCargo/Tanker,Cargo,,,,fishing-ranges
38,0,413991199,FishingCargo/Tanker,Cargo,,,,fishing-ranges
38,0,413991201,FishingCargo/Tanker,Cargo,,,,fishing-ranges
38,0,413991202,FishingCargo/Tanker,Cargo,,,,fishing-ranges
38,0,413991205,FishingCargo/Tanker,Cargo,,,,fishing-ranges
38,0,413991219,FishingCargo/Tanker,Cargo,,,,fishing-ranges
38,0,413991221,FishingCargo/Tanker,Cargo,,,,fishing-ranges
38,0,413991222,FishingCargo/Tanker,Cargo,,,,fishing-ranges
38,0,413991223,FishingCargo/Tanker,Cargo,,,,fishing-ranges
38,0,413991226,FishingCargo/Tanker,Cargo,,,,fishing-ranges
38,0,413991245,FishingCargo/Tanker,Cargo,,,,fishing-ranges
38,0,413991251,FishingCargo/Tanker,Cargo,,,,fishing-ranges
38,0,413991252,FishingCargo/Tanker,Cargo,,,,fishing-ranges
38,0,413991255,FishingCargo/Tanker,Cargo,,,,fishing-ranges
38,0,413991258,FishingCargo/Tanker,Cargo,,,,fishing-ranges
38,0,413991259,FishingCargo/Tanker,Cargo,,,,fishing-ranges
38,0,413991261,FishingCargo/Tanker,Cargo,,,,fishing-ranges
38,0,413991262,FishingCargo/Tanker,Cargo,,,,fishing-ranges
38,0,413991264,FishingCargo/Tanker,Cargo,,,,fishing-ranges
38,0,413991266,FishingCargo/Tanker,Cargo,,,,fishing-ranges
38,0,413991268,FishingCargo/Tanker,Cargo,,,,fishing-ranges
38,0,413991271,FishingCargo/Tanker,Cargo,,,,fishing-ranges
38,0,413991287,FishingCargo/Tanker,Cargo,,,,fishing-ranges
38,0,414122000,FishingCargo/Tanker,Cargo,,,,fishing-ranges
38,0,414712000,FishingCargo/Tanker,Cargo,,,,fishing-ranges
38,0,416542000,FishingCargo/Tanker,Cargo,,,,fishing-ranges
38,0,416567000,FishingCargo/Tanker,Cargo,,,,fishing-ranges
38,0,416696000,FishingCargo/Tanker,Cargo,,,,fishing-ranges
38,0,416778000,FishingCargo/Tanker,Cargo,,,,fishing-ranges
38,0,416861000,FishingCargo/Tanker,Cargo,,,,fishing-ranges
38,0,422051900,FishingCargo/Tanker,Cargo,,,,fishing-ranges
38,0,422733000,FishingCargo/Tanker,Cargo,,,,fishing-ranges
38,0,431201000,FishingCargo/Tanker,Cargo,,,,fishing-ranges
38,0,431678000,FishingCargo/Tanker,Cargo,,,,fishing-ranges
38,0,432800000,FishingCargo/Tanker,Cargo,,,,fishing-ranges
38,0,432931000,FishingCargo/Tanker,Cargo,,,,fishing-ranges
38,0,440009000,FishingCargo/Tanker,Cargo,,,,fishing-ranges
38,0,440214000,FishingCargo/Tanker,Cargo,,,,fishing-ranges
38,0,440217000,FishingCargo/Tanker,Cargo,,,,fishing-ranges
38,0,440241000,FishingCargo/Tanker,Cargo,,,,fishing-ranges
38,0,440271000,FishingCargo/Tanker,Cargo,,,,fishing-ranges
38,0,440283000,FishingCargo/Tanker,Cargo,,,,fishing-ranges
38,0,440664000,FishingCargo/Tanker,Cargo,,,,fishing-ranges
38,0,440861000,FishingCargo/Tanker,Cargo,,,,fishing-ranges
38,0,441690000,FishingCargo/Tanker,Cargo,,,,fishing-ranges
38,0,441834000,FishingCargo/Tanker,Cargo,,,,fishing-ranges
38,0,441975000,FishingCargo/Tanker,Cargo,,,,fishing-ranges
38,0,457900032,FishingCargo/Tanker,Cargo,,,,fishing-ranges
38,0,457900036,FishingCargo/Tanker,Cargo,,,,fishing-ranges
38,0,457900039,FishingCargo/Tanker,Cargo,,,,fishing-ranges
38,0,457900040,FishingCargo/Tanker,Cargo,,,,fishing-ranges
38,0,457900042,FishingCargo/Tanker,Cargo,,,,fishing-ranges
38,0,457900045,FishingCargo/Tanker,Cargo,,,,fishing-ranges
38,0,457900060,FishingCargo/Tanker,Cargo,,,,fishing-ranges
38,0,457900120,FishingCargo/Tanker,Cargo,,,,fishing-ranges
38,0,457900166,FishingCargo/Tanker,Cargo,,,,fishing-ranges
38,0,457900169,FishingCargo/Tanker,Cargo,,,,fishing-ranges
38,0,457900186,FishingCargo/Tanker,Cargo,,,,fishing-ranges
38,0,457900193,FishingCargo/Tanker,Cargo,,,,fishing-ranges
38,0,457900194,FishingCargo/Tanker,Cargo,,,,fishing-ranges
38,0,457900195,FishingCargo/Tanker,Cargo,,,,fishing-ranges
38,0,477036600,FishingCargo/Tanker,Cargo,,,,fishing-ranges
38,0,477036800,FishingCargo/Tanker,Cargo,,,,fishing-ranges
38,0,477102200,FishingCargo/Tanker,Cargo,,,,fishing-ranges
38,0,477167700,FishingCargo/Tanker,Cargo,,,,fishing-ranges
38,0,477167800,FishingCargo/Tanker,Cargo,,,,fishing-ranges
38,0,477167900,FishingCargo/Tanker,Cargo,,,,fishing-ranges
38,0,477299000,FishingCargo/Tanker,Cargo,,,,fishing-ranges
38,0,477415100,FishingCargo/Tanker,Cargo,,,,fishing-ranges
38,0,477888888,FishingCargo/Tanker,Cargo,,,,fishing-ranges
38,0,503710000,FishingCargo/Tanker,Cargo,,,,fishing-ranges
38,0,511181000,FishingCargo/Tanker,Cargo,,,,fishing-ranges
38,0,514130000,FishingCargo/Tanker,Cargo,,,,fishing-ranges
38,0,514266000,FishingCargo/Tanker,Cargo,,,,fishing-ranges
38,0,514298000,FishingCargo/Tanker,Cargo,,,,fishing-ranges
38,0,514720000,FishingCargo/Tanker,Cargo,,,,fishing-ranges
38,0,515113000,FishingCargo/Tanker,Cargo,,,,fishing-ranges
38,0,515183000,FishingCargo/Tanker,Cargo,,,,fishing-ranges
38,0,515572000,FishingCargo/Tanker,Cargo,,,,fishing-ranges
38,0,515777000,FishingCargo/Tanker,Cargo,,,,fishing-ranges
38,0,518332000,FishingCargo/Tanker,Cargo,,,,fishing-ranges
38,0,518783000,FishingCargo/Tanker,Cargo,,,,fishing-ranges
38,0,525009027,FishingCargo/Tanker,Cargo,,,,fishing-ranges
38,0,525009046,FishingCargo/Tanker,Cargo,,,,fishing-ranges
38,0,525009051,FishingCargo/Tanker,Cargo,,,,fishing-ranges
38,0,525009074,FishingCargo/Tanker,Cargo,,,,fishing-ranges
38,0,525009078,FishingCargo/Tanker,Cargo,,,,fishing-ranges
38,0,525009079,FishingCargo/Tanker,Cargo,,,,fishing-ranges
38,0,529086000,FishingCargo/Tanker,Cargo,,,,fishing-ranges
38,0,529087000,FishingCargo/Tanker,Cargo,,,,fishing-ranges
38,0,529089000,FishingCargo/Tanker,Cargo,,,,fishing-ranges
38,0,529101000,FishingCargo/Tanker,Cargo,,,,fishing-ranges
38,0,529105000,FishingCargo/Tanker,Cargo,,,,fishing-ranges
38,0,529138000,FishingCargo/Tanker,Cargo,,,,fishing-ranges
38,0,529304000,FishingCargo/Tanker,Cargo,,,,fishing-ranges
38,0,529346000,FishingCargo/Tanker,Cargo,,,,fishing-ranges
38,0,529558000,FishingCargo/Tanker,Cargo,,,,fishing-ranges
38,0,529578000,FishingCargo/Tanker,Cargo,,,,fishing-ranges
38,0,529764000,FishingCargo/Tanker,Cargo,,,,fishing-ranges
38,0,529781000,FishingCargo/Tanker,Cargo,,,,fishing-ranges
38,0,529837000,FishingCargo/Tanker,Cargo,,,,fishing-ranges
38,0,529844000,FishingCargo/Tanker,Cargo,,,,fishing-ranges
38,0,529874000,FishingCargo/Tanker,Cargo,,,,fishing-ranges
38,0,533004410,FishingCargo/Tanker,Cargo,,,,fishing-ranges
38,0,533004520,FishingCargo/Tanker,Cargo,,,,fishing-ranges
38,0,533791000,FishingCargo/Tanker,Cargo,,,,fishing-ranges
38,0,537985026,FishingCargo/Tanker,Cargo,,,,fishing-ranges
38,0,538004731,FishingCargo/Tanker,Cargo,,,,fishing-ranges
38,0,538004732,FishingCargo/Tanker,Cargo,,,,fishing-ranges
38,0,548471100,FishingCargo/Tanker,Cargo,,,,fishing-ranges
38,0,548733000,FishingCargo/Tanker,Cargo,,,,fishing-ranges
38,0,548864000,FishingCargo/Tanker,Cargo,,,,fishing-ranges
38,0,553648128,FishingCargo/Tanker,Cargo,,,,fishing-ranges
38,0,561054000,FishingCargo/Tanker,Cargo,,,,fishing-ranges
38,0,563418000,FishingCargo/Tanker,Cargo,,,,fishing-ranges
38,0,564724000,FishingCargo/Tanker,Cargo,,,,fishing-ranges
38,0,564855000,FishingCargo/Tanker,Cargo,,,,fishing-ranges
38,0,567391000,FishingCargo/Tanker,Cargo,,,,fishing-ranges
38,0,574620000,FishingCargo/Tanker,Cargo,,,,fishing-ranges
38,0,576107000,FishingCargo/Tanker,Cargo,,,,fishing-ranges
38,0,576139000,FishingCargo/Tanker,Cargo,,,,fishing-ranges
38,0,576195000,FishingCargo/Tanker,Cargo,,,,fishing-ranges
38,0,576285000,FishingCargo/Tanker,Cargo,,,,fishing-ranges
38,0,576328000,FishingCargo/Tanker,Cargo,,,,fishing-ranges
38,0,576395000,FishingCargo/Tanker,Cargo,,,,fishing-ranges
38,0,576414000,FishingCargo/Tanker,Cargo,,,,fishing-ranges
38,0,576414009,FishingCargo/Tanker,Cargo,,,,fishing-ranges
38,0,576419000,FishingCargo/Tanker,Cargo,,,,fishing-ranges
38,0,576420000,FishingCargo/Tanker,Cargo,,,,fishing-ranges
38,0,576507000,FishingCargo/Tanker,Cargo,,,,fishing-ranges
38,0,576687000,FishingCargo/Tanker,Cargo,,,,fishing-ranges
38,0,576688000,FishingCargo/Tanker,Cargo,,,,fishing-ranges
38,0,576689000,FishingCargo/Tanker,Cargo,,,,fishing-ranges
38,0,576711000,FishingCargo/Tanker,Cargo,,,,fishing-ranges
38,0,576732000,FishingCargo/Tanker,Cargo,,,,fishing-ranges
38,0,577082000,FishingCargo/Tanker,Cargo,,,,fishing-ranges
38,0,577089000,FishingCargo/Tanker,Cargo,,,,fishing-ranges
38,0,577102000,FishingCargo/Tanker,Cargo,,,,fishing-ranges
38,0,577106000,FishingCargo/Tanker,Cargo,,,,fishing-ranges
38,0,577122000,FishingCargo/Tanker,Cargo,,,,fishing-ranges
38,0,577161000,FishingCargo/Tanker,Cargo,,,,fishing-ranges
38,0,616401000,FishingCargo/Tanker,Cargo,,,,fishing-ranges
38,0,616575000,FishingCargo/Tanker,Cargo,,,,fishing-ranges
38,0,616735000,FishingCargo/Tanker,Cargo,,,,fishing-ranges
38,0,616852000,FishingCargo/Tanker,Cargo,,,,fishing-ranges
38,0,616885000,FishingCargo/Tanker,Cargo,,,,fishing-ranges
38,0,627047000,FishingCargo/Tanker,Cargo,,,,fishing-ranges
38,0,635961357,FishingCargo/Tanker,Cargo,,,,fishing-ranges
38,0,636009737,FishingCargo/Tanker,Cargo,,,,fishing-ranges
38,0,636010125,FishingCargo/Tanker,Cargo,,,,fishing-ranges
38,0,636011004,FishingCargo/Tanker,Cargo,,,,fishing-ranges
38,0,636012261,FishingCargo/Tanker,Cargo,,,,fishing-ranges
38,0,636012749,FishingCargo/Tanker,Cargo,,,,fishing-ranges
38,0,636013070,FishingCargo/Tanker,Cargo,,,,fishing-ranges
38,0,636013146,FishingCargo/Tanker,Cargo,,,,fishing-ranges
38,0,636013523,FishingCargo/Tanker,Cargo,,,,fishing-ranges
38,0,636013648,FishingCargo/Tanker,Cargo,,,,fishing-ranges
38,0,636013649,FishingCargo/Tanker,Cargo,,,,fishing-ranges
38,0,636013651,FishingCargo/Tanker,Cargo,,,,fishing-ranges
38,0,636014471,FishingCargo/Tanker,Cargo,,,,fishing-ranges
38,0,636015528,FishingCargo/Tanker,Cargo,,,,fishing-ranges
38,0,636016700,FishingCargo/Tanker,Cargo,,,,fishing-ranges
38,0,636016998,FishingCargo/Tanker,Cargo,,,,fishing-ranges
38,0,636017010,FishingCargo/Tanker,Cargo,,,,fishing-ranges
38,0,636017108,FishingCargo/Tanker,Cargo,,,,fishing-ranges
38,0,636017161,FishingCargo/Tanker,Cargo,,,,fishing-ranges
38,0,636017162,FishingCargo/Tanker,Cargo,,,,fishing-ranges
38,0,636017251,FishingCargo/Tanker,Cargo,,,,fishing-ranges
38,0,636017275,FishingCargo/Tanker,Cargo,,,,fishing-ranges
38,0,636017301,FishingCargo/Tanker,Cargo,,,,fishing-ranges
38,0,636017396,FishingCargo/Tanker,Cargo,,,,fishing-ranges
38,0,636017468,FishingCargo/Tanker,Cargo,,,,fishing-ranges
38,0,636091013,FishingCargo/Tanker,Cargo,,,,fishing-ranges
38,0,636091091,FishingCargo/Tanker,Cargo,,,,fishing-ranges
38,0,636091097,FishingCargo/Tanker,Cargo,,,,fishing-ranges
38,0,636091098,FishingCargo/Tanker,Cargo,,,,fishing-ranges
38,0,636092400,FishingCargo/Tanker,Cargo,,,,fishing-ranges
38,0,636092418,FishingCargo/Tanker,Cargo,,,,fishing-ranges
38,0,636092421,FishingCargo/Tanker,Cargo,,,,fishing-ranges
38,0,636092422,FishingCargo/Tanker,Cargo,,,,fishing-ranges
38,0,636092423,FishingCargo/Tanker,Cargo,,,,fishing-ranges
38,0,636092430,FishingCargo/Tanker,Cargo,,,,fishing-ranges
38,0,636092432,FishingCargo/Tanker,Cargo,,,,fishing-ranges
38,0,636092447,FishingCargo/Tanker,Cargo,,,,fishing-ranges
38,0,636092455,FishingCargo/Tanker,Cargo,,,,fishing-ranges
38,0,636092456,FishingCargo/Tanker,Cargo,,,,fishing-ranges
38,0,636092457,FishingCargo/Tanker,Cargo,,,,fishing-ranges
38,0,636092463,FishingCargo/Tanker,Cargo,,,,fishing-ranges
38,0,636092465,FishingCargo/Tanker,Cargo,,,,fishing-ranges
38,0,636092466,FishingCargo/Tanker,Cargo,,,,fishing-ranges
38,0,636092468,FishingCargo/Tanker,Cargo,,,,fishing-ranges
38,0,636092472,FishingCargo/Tanker,Cargo,,,,fishing-ranges
38,0,636092476,FishingCargo/Tanker,Cargo,,,,fishing-ranges
38,0,636092477,FishingCargo/Tanker,Cargo,,,,fishing-ranges
38,0,636092478,FishingCargo/Tanker,Cargo,,,,fishing-ranges
38,0,636092484,FishingCargo/Tanker,Cargo,,,,fishing-ranges
38,0,636092486,FishingCargo/Tanker,Cargo,,,,fishing-ranges
38,0,636092489,FishingCargo/Tanker,Cargo,,,,fishing-ranges
38,0,636092491,FishingCargo/Tanker,Cargo,,,,fishing-ranges
38,0,636092492,FishingCargo/Tanker,Cargo,,,,fishing-ranges
38,0,636092493,FishingCargo/Tanker,Cargo,,,,fishing-ranges
38,0,636092508,FishingCargo/Tanker,Cargo,,,,fishing-ranges
38,0,636092511,FishingCargo/Tanker,Cargo,,,,fishing-ranges
38,0,636092515,FishingCargo/Tanker,Cargo,,,,fishing-ranges
38,0,636092516,FishingCargo/Tanker,Cargo,,,,fishing-ranges
38,0,636092519,FishingCargo/Tanker,Cargo,,,,fishing-ranges
38,0,636092521,FishingCargo/Tanker,Cargo,,,,fishing-ranges
38,0,636092523,FishingCargo/Tanker,Cargo,,,,fishing-ranges
38,0,636092524,FishingCargo/Tanker,Cargo,,,,fishing-ranges
38,0,636092525,FishingCargo/Tanker,Cargo,,,,fishing-ranges
38,0,636092526,FishingCargo/Tanker,Cargo,,,,fishing-ranges
38,0,636092527,FishingCargo/Tanker,Cargo,,,,fishing-ranges
38,0,636092528,FishingCargo/Tanker,Cargo,,,,fishing-ranges
38,0,636092529,FishingCargo/Tanker,Cargo,,,,fishing-ranges
38,0,636092533,FishingCargo/Tanker,Cargo,,,,fishing-ranges
38,0,636092534,FishingCargo/Tanker,Cargo,,,,fishing-ranges
38,0,636092540,FishingCargo/Tanker,Cargo,,,,fishing-ranges
38,0,636092541,FishingCargo/Tanker,Cargo,,,,fishing-ranges
38,0,636092545,FishingCargo/Tanker,Cargo,,,,fishing-ranges
38,0,636092547,FishingCargo/Tanker,Cargo,,,,fishing-ranges
38,0,636092550,FishingCargo/Tanker,Cargo,,,,fishing-ranges
38,0,636092556,FishingCargo/Tanker,Cargo,,,,fishing-ranges
38,0,636092561,FishingCargo/Tanker,Cargo,,,,fishing-ranges
38,0,636092562,FishingCargo/Tanker,Cargo,,,,fishing-ranges
38,0,636092563,FishingCargo/Tanker,Cargo,,,,fishing-ranges
38,0,636092566,FishingCargo/Tanker,Cargo,,,,fishing-ranges
38,0,636092567,FishingCargo/Tanker,Cargo,,,,fishing-ranges
38,0,636092570,FishingCargo/Tanker,Cargo,,,,fishing-ranges
38,0,636092575,FishingCargo/Tanker,Cargo,,,,fishing-ranges
38,0,636092576,FishingCargo/Tanker,Cargo,,,,fishing-ranges
38,0,636092587,FishingCargo/Tanker,Cargo,,,,fishing-ranges
38,0,636092589,FishingCargo/Tanker,Cargo,,,,fishing-ranges
38,0,636092591,FishingCargo/Tanker,Cargo,,,,fishing-ranges
38,0,636092592,FishingCargo/Tanker,Cargo,,,,fishing-ranges
38,0,636092599,FishingCargo/Tanker,Cargo,,,,fishing-ranges
38,0,636092600,FishingCargo/Tanker,Cargo,,,,fishing-ranges
38,0,636092602,FishingCargo/Tanker,Cargo,,,,fishing-ranges
38,0,636092603,FishingCargo/Tanker,Cargo,,,,fishing-ranges
38,0,636092604,FishingCargo/Tanker,Cargo,,,,fishing-ranges
38,0,636092609,FishingCargo/Tanker,Cargo,,,,fishing-ranges
38,0,636092612,FishingCargo/Tanker,Cargo,,,,fishing-ranges
38,0,636092613,FishingCargo/Tanker,Cargo,,,,fishing-ranges
38,0,636092615,FishingCargo/Tanker,Cargo,,,,fishing-ranges
38,0,636092616,FishingCargo/Tanker,Cargo,,,,fishing-ranges
38,0,636092617,FishingCargo/Tanker,Cargo,,,,fishing-ranges
38,0,636092618,FishingCargo/Tanker,Cargo,,,,fishing-ranges
38,0,636092620,FishingCargo/Tanker,Cargo,,,,fishing-ranges
38,0,636092621,FishingCargo/Tanker,Cargo,,,,fishing-ranges
38,0,636092624,FishingCargo/Tanker,Cargo,,,,fishing-ranges
38,0,636092626,FishingCargo/Tanker,Cargo,,,,fishing-ranges
38,0,636092629,FishingCargo/Tanker,Cargo,,,,fishing-ranges
38,0,636092630,FishingCargo/Tanker,Cargo,,,,fishing-ranges
38,0,636092634,FishingCargo/Tanker,Cargo,,,,fishing-ranges
38,0,636092637,FishingCargo/Tanker,Cargo,,,,fishing-ranges
38,0,636092639,FishingCargo/Tanker,Cargo,,,,fishing-ranges
38,0,636092647,FishingCargo/Tanker,Cargo,,,,fishing-ranges
38,0,636092652,FishingCargo/Tanker,Cargo,,,,fishing-ranges
38,0,636092653,FishingCargo/Tanker,Cargo,,,,fishing-ranges
38,0,636092654,FishingCargo/Tanker,Cargo,,,,fishing-ranges
38,0,636092656,FishingCargo/Tanker,Cargo,,,,fishing-ranges
38,0,636092658,FishingCargo/Tanker,Cargo,,,,fishing-ranges
38,0,636092660,FishingCargo/Tanker,Cargo,,,,fishing-ranges
38,0,636092662,FishingCargo/Tanker,Cargo,,,,fishing-ranges
38,0,636092666,FishingCargo/Tanker,Cargo,,,,fishing-ranges
38,0,664090000,FishingCargo/Tanker,Cargo,,,,fishing-ranges
38,0,667001392,FishingCargo/Tanker,Cargo,,,,fishing-ranges
38,0,667003248,FishingCargo/Tanker,Cargo,,,,fishing-ranges
38,0,710017360,FishingCargo/Tanker,Cargo,,,,fishing-ranges
38,0,730151013,FishingCargo/Tanker,Cargo,,,,fishing-ranges
38,0,900006259,FishingCargo/Tanker,Cargo,,,,fishing-ranges
